November 01, 2013 (Fri)
-----------------------
 7:00 pm to 10:00 pm   | Xcel Energy Center, St. Paul, MN --- Montreal at Minnesota
 7:30 pm to 10:30 pm   | Canadian Tire Centre, Ottawa, ON --- Ny Islanders at Ottawa
 9:00 pm to 12:00 am + | Scotiabank Saddledome, Calgary, AB --- Detroit at Calgary

November 02, 2013 (Sat)
-----------------------
 3:00 pm to  6:00 pm   | MTS Centre, Winnipeg, MB --- Chicago at Winnipeg
 7:00 pm to 10:00 pm   | Rogers Arena, Vancouver, BC --- Toronto at Vancouver
 9:00 pm to  1:00 am + | Pepsi Center, Denver, CO --- Montreal at Colorado
10:00 pm to  1:00 am + | Rexall Place, Edmonton, AB --- Detroit at Edmonton

November 03, 2013 (Sun)
-----------------------
 1:00 pm to  4:00 pm   | Canadian Tire Centre, Ottawa, ON --- Dallas at Ottawa
 7:30 pm to 10:30 pm   | United Center, Chicago, IL --- Calgary at Chicago

November 04, 2013 (Mon)
-----------------------
 8:00 pm to 11:00 pm   | MTS Centre, Winnipeg, MB --- Detroit at Winnipeg

November 05, 2013 (Tue)
-----------------------
 7:00 pm to 10:00 pm   | Nationwide Arena, Columbus, OH --- Ottawa at Columbus
 7:30 pm to 10:30 pm   | BB&T Center, Sunrise, FL --- Edmonton at Florida
 7:30 pm to 10:30 pm   | Centre Bell, Montreal, QC --- St Louis at Montreal
 8:00 pm to 11:00 pm   | Xcel Energy Center, St. Paul, MN --- Calgary at Minnesota
 9:00 pm to 12:00 am + | Jobing.com Arena, Glendale, AZ --- Vancouver at Phoenix

November 06, 2013 (Wed)
-----------------------
 8:00 pm to 11:00 pm   | United Center, Chicago, IL --- Winnipeg at Chicago

November 07, 2013 (Thu)
-----------------------
 7:00 pm to 10:00 pm   | Canadian Tire Centre, Ottawa, ON --- Montreal at Ottawa
 7:30 pm to 10:30 pm   | Tampa Bay Times Forum, Tampa, FL --- Edmonton at Tampa Bay
 8:00 pm to 11:00 pm   | Scottrade Center, St. Louis, MO --- Calgary at St Louis
10:30 pm to  1:30 am + | SAP Center at San Jose, San Jose, CA --- Vancouver at San Jose

November 08, 2013 (Fri)
-----------------------
 7:30 pm to 10:30 pm   | Air Canada Centre, Toronto, ON --- New Jersey at Toronto
 8:00 pm to 11:00 pm   | MTS Centre, Winnipeg, MB --- Nashville at Winnipeg
 9:00 pm to 12:00 am + | Pepsi Center, Denver, CO --- Calgary at Colorado

November 09, 2013 (Sat)
-----------------------
 1:00 pm to  4:00 pm   | Wells Fargo Center, Philadelphia, PA --- Edmonton at Philadelphia
 2:00 pm to  5:00 pm   | Canadian Tire Centre, Ottawa, ON --- Florida at Ottawa
 7:00 pm to 10:00 pm   | TD Garden, Boston, MA --- Toronto at Boston
10:00 pm to  1:00 am + | Staples Center, Los Angeles, CA --- Vancouver at Los Angeles

November 10, 2013 (Sun)
-----------------------
 6:00 pm to  9:00 pm   | Centre Bell, Montreal, QC --- Ny Islanders at Montreal
 7:30 pm to 10:30 pm   | United Center, Chicago, IL --- Edmonton at Chicago
 8:00 pm to 11:00 pm   | Honda Center, Anaheim, CA --- Vancouver at Anaheim
 8:00 pm to 11:00 pm   | MTS Centre, Winnipeg, MB --- San Jose at Winnipeg

November 12, 2013 (Tue)
-----------------------
 7:30 pm to 10:30 pm   | Canadian Tire Centre, Ottawa, ON --- Philadelphia at Ottawa
 7:30 pm to 10:30 pm   | Centre Bell, Montreal, QC --- Tampa Bay at Montreal
 7:30 pm to 10:30 pm   | Joe Louis Arena, Detroit, MI --- Winnipeg at Detroit
 9:00 pm to 12:00 am + | Scotiabank Saddledome, Calgary, AB --- San Jose at Calgary

November 13, 2013 (Wed)
-----------------------
 7:30 pm to 10:30 pm   | Xcel Energy Center, St. Paul, MN --- Toronto at Minnesota
10:00 pm to  1:00 am + | Rexall Place, Edmonton, AB --- Dallas at Edmonton

November 14, 2013 (Thu)
-----------------------
 9:00 pm to 12:00 am + | Scotiabank Saddledome, Calgary, AB --- Dallas at Calgary
10:00 pm to  1:00 am + | Rogers Arena, Vancouver, BC --- San Jose at Vancouver

November 15, 2013 (Fri)
-----------------------
 7:00 pm to 10:00 pm   | First Niagara Center, Buffalo, NY --- Toronto at Buffalo
 7:00 pm to 10:00 pm   | Nationwide Arena, Columbus, OH --- Montreal at Columbus
 7:30 pm to 10:30 pm   | Canadian Tire Centre, Ottawa, ON --- Boston at Ottawa
 8:00 pm to 11:00 pm   | MTS Centre, Winnipeg, MB --- Philadelphia at Winnipeg
10:00 pm to  1:00 am + | Rexall Place, Edmonton, AB --- San Jose at Edmonton

November 16, 2013 (Sat)
-----------------------
 7:00 pm to 10:00 pm   | Air Canada Centre, Toronto, ON --- Buffalo at Toronto
 7:00 pm to 10:00 pm   | Centre Bell, Montreal, QC --- Ny Rangers at Montreal
10:00 pm to  1:00 am + | Scotiabank Saddledome, Calgary, AB --- Edmonton at Calgary

November 17, 2013 (Sun)
-----------------------
 1:00 pm to  4:00 pm   | Canadian Tire Centre, Ottawa, ON --- Columbus at Ottawa
 8:00 pm to 11:00 pm   | Rogers Arena, Vancouver, BC --- Dallas at Vancouver
 8:00 pm to 11:00 pm   | Xcel Energy Center, St. Paul, MN --- Winnipeg at Minnesota

November 18, 2013 (Mon)
-----------------------
 8:00 pm to 11:00 pm   | MTS Centre, Winnipeg, MB --- Calgary at Winnipeg

November 19, 2013 (Tue)
-----------------------
 7:00 pm to 10:00 pm   | Air Canada Centre, Toronto, ON --- Ny Islanders at Toronto
 7:00 pm to 10:00 pm   | Wells Fargo Center, Philadelphia, PA --- Ottawa at Philadelphia
 7:30 pm to 10:30 pm   | Centre Bell, Montreal, QC --- Minnesota at Montreal
 9:30 pm to 12:30 am + | Rexall Place, Edmonton, AB --- Columbus at Edmonton
10:00 pm to  1:00 am + | Rogers Arena, Vancouver, BC --- Florida at Vancouver

November 20, 2013 (Wed)
-----------------------
 7:30 pm to 10:30 pm   | Canadian Tire Centre, Ottawa, ON --- Minnesota at Ottawa
10:00 pm to  1:00 am + | Scotiabank Saddledome, Calgary, AB --- Columbus at Calgary

November 21, 2013 (Thu)
-----------------------
 7:00 pm to 10:00 pm   | Air Canada Centre, Toronto, ON --- Nashville at Toronto
 8:00 pm to 11:00 pm   | MTS Centre, Winnipeg, MB --- Chicago at Winnipeg
 9:30 pm to 12:30 am + | Rexall Place, Edmonton, AB --- Florida at Edmonton

November 22, 2013 (Fri)
-----------------------
 7:00 pm to 10:00 pm   | Verizon Center, Washington, DC --- Montreal at Washington
 9:00 pm to 12:00 am + | Scotiabank Saddledome, Calgary, AB --- Florida at Calgary
10:00 pm to  1:00 am + | Rogers Arena, Vancouver, BC --- Columbus at Vancouver

November 23, 2013 (Sat)
-----------------------
 3:00 pm to  6:00 pm   | MTS Centre, Winnipeg, MB --- Minnesota at Winnipeg
 7:00 pm to 10:00 pm   | Air Canada Centre, Toronto, ON --- Washington at Toronto
 7:00 pm to 10:00 pm   | Centre Bell, Montreal, QC --- Pittsburgh at Montreal
 7:00 pm to 10:00 pm   | Joe Louis Arena, Detroit, MI --- Ottawa at Detroit
10:00 pm to  1:00 am + | Rogers Arena, Vancouver, BC --- Chicago at Vancouver

November 24, 2013 (Sun)
-----------------------
 5:00 pm to  8:00 pm   | PNC Arena, Raleigh, NC --- Ottawa at Carolina

November 25, 2013 (Mon)
-----------------------
 7:00 pm to 10:00 pm   | Air Canada Centre, Toronto, ON --- Columbus at Toronto
 7:00 pm to 10:00 pm   | Prudential Center, Newark, NJ --- Winnipeg at New Jersey
 9:30 pm to 12:30 am + | Rexall Place, Edmonton, AB --- Chicago at Edmonton
10:00 pm to  1:00 am + | Rogers Arena, Vancouver, BC --- Los Angeles at Vancouver

November 27, 2013 (Wed)
-----------------------
 7:00 pm to 10:00 pm   | First Niagara Center, Buffalo, NY --- Montreal at Buffalo
 7:00 pm to 10:00 pm   | Nassau Coliseum, Uniondale, NY --- Winnipeg at Ny Islanders
 7:00 pm to 10:00 pm   | Verizon Center, Washington, DC --- Ottawa at Washington
 7:30 pm to 10:30 pm   | CONSOL Energy Center, Pittsburgh, PA --- Toronto at Pittsburgh
10:00 pm to  1:00 am + | Scotiabank Saddledome, Calgary, AB --- Chicago at Calgary

November 28, 2013 (Thu)
-----------------------
 7:30 pm to 10:30 pm   | Canadian Tire Centre, Ottawa, ON --- Vancouver at Ottawa
 8:00 pm to 11:00 pm   | Bridgestone Arena, Nashville, TN --- Edmonton at Nashville

November 29, 2013 (Fri)
-----------------------
11:30 am to  2:30 pm   | Wells Fargo Center, Philadelphia, PA --- Winnipeg at Philadelphia
 4:00 pm to  7:00 pm   | Honda Center, Anaheim, CA --- Calgary at Anaheim
 5:00 pm to  8:00 pm   | Verizon Center, Washington, DC --- Montreal at Washington
 7:00 pm to 10:00 pm   | Nationwide Arena, Columbus, OH --- Edmonton at Columbus
 7:30 pm to 10:30 pm   | First Niagara Center, Buffalo, NY --- Toronto at Buffalo

November 30, 2013 (Sat)
-----------------------
 2:00 pm to  5:00 pm   | Madison Square Garden, New York, NY --- Vancouver at Ny Rangers
 7:00 pm to 10:00 pm   | Centre Bell, Montreal, QC --- Toronto at Montreal
10:00 pm to  1:00 am + | Staples Center, Los Angeles, CA --- Calgary at Los Angeles

December 01, 2013 (Sun)
-----------------------
 1:00 pm to  4:00 pm   | PNC Arena, Raleigh, NC --- Vancouver at Carolina
 5:30 pm to  8:30 pm   | Canadian Tire Centre, Ottawa, ON --- Detroit at Ottawa
 6:00 pm to  9:00 pm   | American Airlines Center, Dallas, TX --- Edmonton at Dallas

December 02, 2013 (Mon)
-----------------------
 7:00 pm to 10:00 pm   | Madison Square Garden, New York, NY --- Winnipeg at Ny Rangers
 7:30 pm to 10:30 pm   | Centre Bell, Montreal, QC --- New Jersey at Montreal

December 03, 2013 (Tue)
-----------------------
 7:00 pm to 10:00 pm   | Air Canada Centre, Toronto, ON --- San Jose at Toronto
 7:30 pm to 10:30 pm   | BB&T Center, Sunrise, FL --- Ottawa at Florida
 8:00 pm to 11:00 pm   | Bridgestone Arena, Nashville, TN --- Vancouver at Nashville
 9:30 pm to 12:30 am + | Rexall Place, Edmonton, AB --- Phoenix at Edmonton

December 04, 2013 (Wed)
-----------------------
 7:00 pm to 10:00 pm   | Prudential Center, Newark, NJ --- Montreal at New Jersey
10:00 pm to  1:00 am + | Scotiabank Saddledome, Calgary, AB --- Phoenix at Calgary

December 05, 2013 (Thu)
-----------------------
 7:00 pm to 10:00 pm   | Air Canada Centre, Toronto, ON --- Dallas at Toronto
 7:30 pm to 10:30 pm   | BB&T Center, Sunrise, FL --- Winnipeg at Florida
 7:30 pm to 10:30 pm   | Centre Bell, Montreal, QC --- Boston at Montreal
 7:30 pm to 10:30 pm   | Tampa Bay Times Forum, Tampa, FL --- Ottawa at Tampa Bay
 9:30 pm to 12:30 am + | Rexall Place, Edmonton, AB --- Colorado at Edmonton

December 06, 2013 (Fri)
-----------------------
 9:00 pm to 12:00 am + | Scotiabank Saddledome, Calgary, AB --- Colorado at Calgary
10:00 pm to  1:00 am + | Rogers Arena, Vancouver, BC --- Phoenix at Vancouver

December 07, 2013 (Sat)
-----------------------
 7:00 pm to 10:00 pm   | Canadian Tire Centre, Ottawa, ON --- Toronto at Ottawa
 7:00 pm to 10:00 pm   | Centre Bell, Montreal, QC --- Buffalo at Montreal
 7:00 pm to 10:00 pm   | Tampa Bay Times Forum, Tampa, FL --- Winnipeg at Tampa Bay
10:00 pm to  1:00 am + | Rexall Place, Edmonton, AB --- Calgary at Edmonton

December 08, 2013 (Sun)
-----------------------
 7:00 pm to 10:00 pm   | Air Canada Centre, Toronto, ON --- Boston at Toronto
 8:00 pm to 11:00 pm   | Rogers Arena, Vancouver, BC --- Colorado at Vancouver

December 09, 2013 (Mon)
-----------------------
 7:30 pm to 10:30 pm   | Canadian Tire Centre, Ottawa, ON --- Philadelphia at Ottawa
10:00 pm to  1:00 am + | Rogers Arena, Vancouver, BC --- Carolina at Vancouver

December 10, 2013 (Tue)
-----------------------
 7:00 pm to 10:00 pm   | Centre Bell, Montreal, QC --- Los Angeles at Montreal
 7:00 pm to 10:00 pm   | First Niagara Center, Buffalo, NY --- Ottawa at Buffalo
 8:00 pm to 11:00 pm   | MTS Centre, Winnipeg, MB --- St Louis at Winnipeg
 9:30 pm to 12:30 am + | Rexall Place, Edmonton, AB --- Carolina at Edmonton
 9:30 pm to 12:30 am + | Scotiabank Saddledome, Calgary, AB --- Boston at Calgary

December 11, 2013 (Wed)
-----------------------
 7:30 pm to 10:30 pm   | Air Canada Centre, Toronto, ON --- Los Angeles at Toronto

December 12, 2013 (Thu)
-----------------------
 7:00 pm to 10:00 pm   | Wells Fargo Center, Philadelphia, PA --- Montreal at Philadelphia
 7:30 pm to 10:30 pm   | Canadian Tire Centre, Ottawa, ON --- Buffalo at Ottawa
 8:00 pm to 11:00 pm   | MTS Centre, Winnipeg, MB --- Colorado at Winnipeg
 8:00 pm to 11:00 pm   | Scottrade Center, St. Louis, MO --- Toronto at St Louis
 9:00 pm to 12:00 am + | Scotiabank Saddledome, Calgary, AB --- Carolina at Calgary
 9:30 pm to 12:30 am + | Rexall Place, Edmonton, AB --- Boston at Edmonton
